true_label,predicted_label,prob_class_0,prob_class_1
0,0,0.99,0.01
0,1,0.0,1.0
0,0,0.99,0.01
1,1,0.18,0.82
0,0,1.0,0.0
1,1,0.04,0.96
0,0,1.0,0.0
0,0,0.8,0.2
0,0,0.86,0.14
0,0,0.99,0.01
0,1,0.02,0.98
1,1,0.0,1.0
1,1,0.02,0.98
1,1,0.01,0.99
0,0,0.96,0.04
0,0,1.0,0.0
0,0,1.0,0.0
1,1,0.35,0.65
0,0,1.0,0.0
0,0,0.98,0.02
1,1,0.0,1.0
1,1,0.0,1.0
1,1,0.0,1.0
0,0,1.0,0.0
0,0,1.0,0.0
0,1,0.29,0.71
1,1,0.01,0.99
0,0,1.0,0.0
1,1,0.01,0.99
0,0,0.99,0.01
0,0,0.94,0.06
1,1,0.01,0.99
0,0,0.82,0.18
1,1,0.0,1.0
1,1,0.0,1.0
1,1,0.36,0.64
1,1,0.16,0.84
0,0,1.0,0.0
1,1,0.0,1.0
0,0,0.85,0.15
0,0,0.63,0.37
0,0,1.0,0.0
1,1,0.01,0.99
0,0,0.88,0.12
1,1,0.07,0.93
0,0,1.0,0.0
0,0,1.0,0.0
1,1,0.0,1.0
1,1,0.0,1.0
1,1,0.0,1.0
1,1,0.02,0.98
0,0,1.0,0.0
1,1,0.0,1.0
0,0,0.98,0.02
1,1,0.25,0.75
1,1,0.01,0.99
1,1,0.38,0.62
1,1,0.16,0.84
1,1,0.0,1.0
1,1,0.01,0.99
1,1,0.16,0.84
1,1,0.02,0.98
0,0,0.96,0.04
0,0,0.98,0.02
1,1,0.43,0.57
1,0,0.7,0.3
0,0,1.0,0.0
0,0,1.0,0.0
0,0,1.0,0.0
1,1,0.0,1.0
1,1,0.0,1.0
0,0,1.0,0.0
1,1,0.01,0.99
1,1,0.05,0.95
1,1,0.01,0.99
1,1,0.0,1.0
1,1,0.0,1.0
0,0,0.91,0.09
0,0,0.94,0.06
1,1,0.04,0.96
1,1,0.0,1.0
1,1,0.0,1.0
1,1,0.13,0.87
0,0,1.0,0.0
1,1,0.47,0.53
1,1,0.0,1.0
0,0,1.0,0.0
0,0,1.0,0.0
0,0,1.0,0.0
0,0,1.0,0.0
1,0,0.56,0.44
1,1,0.29,0.71
1,1,0.0,1.0
1,1,0.14,0.86
1,1,0.03,0.97
0,0,1.0,0.0
0,0,0.92,0.08
1,1,0.07,0.93
0,0,1.0,0.0
0,0,0.83,0.17
1,1,0.3,0.7
1,1,0.01,0.99
1,1,0.08,0.92
0,0,0.96,0.04
1,1,0.02,0.98
0,0,0.63,0.37
1,1,0.0,1.0
0,0,0.61,0.39
1,1,0.0,1.0
1,1,0.01,0.99
1,1,0.0,1.0
0,0,0.99,0.01
0,1,0.41,0.59
1,1,0.11,0.89
1,1,0.0,1.0
1,1,0.09,0.91
1,1,0.0,1.0
0,0,1.0,0.0
1,1,0.0,1.0
1,1,0.0,1.0
1,1,0.0,1.0
1,1,0.0,1.0
1,1,0.0,1.0
1,1,0.01,0.99
0,0,0.84,0.16
1,1,0.06,0.94
1,1,0.0,1.0
1,1,0.0,1.0
1,1,0.01,0.99
1,1,0.01,0.99
1,1,0.0,1.0
1,1,0.01,0.99
1,1,0.01,0.99
1,1,0.0,1.0
0,0,1.0,0.0
1,1,0.0,1.0
1,1,0.02,0.98
1,0,0.59,0.41
0,0,1.0,0.0
0,1,0.39,0.61
1,1,0.02,0.98
0,0,1.0,0.0
1,1,0.0,1.0
0,0,1.0,0.0
1,1,0.0,1.0
0,0,0.96,0.04
1,1,0.02,0.98
1,1,0.0,1.0
1,1,0.0,1.0
1,1,0.0,1.0
1,1,0.01,0.99
1,1,0.0,1.0
1,1,0.0,1.0
1,1,0.31,0.69
0,0,1.0,0.0
1,1,0.0,1.0
1,1,0.45,0.55
1,1,0.0,1.0
1,1,0.0,1.0
1,1,0.15,0.85
0,0,1.0,0.0
1,1,0.0,1.0
1,1,0.02,0.98
1,1,0.0,1.0
0,0,0.55,0.45
1,1,0.0,1.0
1,1,0.01,0.99
0,0,0.5,0.5
1,1,0.01,0.99
1,1,0.01,0.99
1,1,0.05,0.95
